{
  "weight_kg": {
    "mean": 48.75733355944516,
    "std": 34.46740669679043,
    "min": 0.0,
    "max": 194.09214717578024
  },
  "reps": {
    "mean": 8.999961060327289,
    "std": 1.9997079303432617,
    "min": 6.0,
    "max": 12.0
  },
  "rir": {
    "mean": 1.99799877896312,
    "std": 0.816522799535526,
    "min": 1.0,
    "max": 3.0
  },
  "total_sets": {
    "mean": 3.0006425045997487,
    "std": 0.8163112196965973,
    "min": 2.0,
    "max": 4.0
  },
  "total_volume": {
    "mean": 1316.2076499374828,
    "std": 1091.7661334807574,
    "min": 0.0,
    "max": 8587.960508233093
  },
  "age": {
    "mean": 40.95562268013423,
    "std": 13.63344766462011,
    "min": 18.0,
    "max": 64.0
  },
  "weight_kg_user": {
    "mean": 48.75733355944516,
    "std": 34.46740669679043,
    "min": 0.0,
    "max": 194.09214717578024
  },
  "height_cm": {
    "mean": 175.09683176011393,
    "std": 10.115247668472351,
    "min": 132.21541806019604,
    "max": 213.0291247972459
  },
  "body_fat_pct": {
    "mean": 20.35165189897425,
    "std": 5.728515645065113,
    "min": 10.016559416396367,
    "max": 29.99678224343061
  },
  "assessment_score": {
    "mean": 74.69558632716834,
    "std": 14.658488880205718,
    "min": 50.0,
    "max": 99.0
  },
  "training_literacy_index": {
    "mean": 0.7469558632716834,
    "std": 0.14658488880205717,
    "min": 0.5,
    "max": 0.99
  },
  "load_management_score": {
    "mean": 0.7439729191705604,
    "std": 0.16730638451653254,
    "min": 0.2506045237278141,
    "max": 1.0
  },
  "technique_score": {
    "mean": 0.7428380613703119,
    "std": 0.16860568640554016,
    "min": 0.270973481850858,
    "max": 1.0
  },
  "recovery_knowledge": {
    "mean": 0.7448365022650247,
    "std": 0.1718490277210986,
    "min": 0.2450230819791603,
    "max": 1.0
  },
  "calories": {
    "mean": 2500.0828455443975,
    "std": 576.9097871130658,
    "min": 1500.0,
    "max": 3499.0
  },
  "protein_g": {
    "mean": 92.63106693882207,
    "std": 66.28158918713393,
    "min": 0.0,
    "max": 417.471438074364
  },
  "carbs_g": {
    "mean": 299.4140177258953,
    "std": 57.76338685144585,
    "min": 200.0,
    "max": 399.0
  },
  "fats_g": {
    "mean": 99.52471626190268,
    "std": 28.87146427950817,
    "min": 50.0,
    "max": 149.0
  },
  "fiber_g": {
    "mean": 32.001282227794306,
    "std": 7.206118858095833,
    "min": 20.0,
    "max": 44.0
  },
  "water_ml": {
    "mean": 2998.5730570841697,
    "std": 577.4502371093886,
    "min": 2000.0,
    "max": 3999.0
  },
  "sleep_hours": {
    "mean": 7.001283845128839,
    "std": 1.154991179787023,
    "min": 5.000002126100799,
    "max": 8.999995165870116
  },
  "sleep_quality": {
    "mean": 5.49928726491911,
    "std": 2.872263380602281,
    "min": 1.0,
    "max": 10.0
  },
  "stress_level": {
    "mean": 5.4979633160469,
    "std": 2.871127594624213,
    "min": 1.0,
    "max": 10.0
  },
  "days_since_last_session": {
    "mean": 1.9774817435516598,
    "std": 1.3739075200119715,
    "min": 1.0,
    "max": 18.0
  },
  "creatine": {
    "mean": 0.40021083051368384,
    "std": 0.48994127758426065,
    "min": 0.0,
    "max": 1.0
  },
  "protein_powder": {
    "mean": 0.5005653206056232,
    "std": 0.5000000280883004,
    "min": 0.0,
    "max": 1.0
  },
  "pre_workout": {
    "mean": 0.29956568357900093,
    "std": 0.4580680916708057,
    "min": 0.0,
    "max": 1.0
  },
  "caffeine_mg": {
    "mean": 199.41294410349053,
    "std": 115.43827600060114,
    "min": 0.0,
    "max": 399.0
  },
  "soreness_level": {
    "mean": 5.4979299391845755,
    "std": 2.8715867222378626,
    "min": 1.0,
    "max": 10.0
  },
  "fatigue_level": {
    "mean": 5.500623730114691,
    "std": 2.8713752701939974,
    "min": 1.0,
    "max": 10.0
  },
  "readiness_score": {
    "mean": 5.498915947325749,
    "std": 2.8725348789619067,
    "min": 1.0,
    "max": 10.0
  },
  "hrv": {
    "mean": 69.49864336961676,
    "std": 17.310580127799906,
    "min": 40.0,
    "max": 99.0
  },
  "resting_heart_rate": {
    "mean": 64.48473773435077,
    "std": 8.653135583285772,
    "min": 50.0,
    "max": 79.0
  },
  "session_rpe": {
    "mean": 5.508609144425855,
    "std": 2.8750690851605856,
    "min": 1.0,
    "max": 10.0
  },
  "recovery_quality": {
    "mean": 5.49649334340202,
    "std": 2.872158195286791,
    "min": 1.0,
    "max": 10.0
  }
}