{
    "weight_kg": {
        "mean": 48.75733355944516,
        "std": 34.467407696790424
    },
    "reps": {
        "mean": 8.999961060327289,
        "std": 1.9997089303432616
    },
    "rir": {
        "mean": 1.99799877896312,
        "std": 0.816523799535526
    },
    "total_sets": {
        "mean": 3.0006425045997487,
        "std": 0.8163122196965973
    },
    "total_volume": {
        "mean": 1316.2076499374828,
        "std": 1091.7661344807575
    },
    "age": {
        "mean": 40.95562268013423,
        "std": 13.63344866462011
    },
    "weight_kg_user": {
        "mean": 48.75733355944516,
        "std": 34.467407696790424
    },
    "height_cm": {
        "mean": 175.09683176011393,
        "std": 10.11524866847235
    },
    "body_fat_pct": {
        "mean": 20.35165189897425,
        "std": 5.728516645065113
    },
    "assessment_score": {
        "mean": 74.69558632716834,
        "std": 14.658489880205718
    },
    "training_literacy_index": {
        "mean": 0.7469558632716834,
        "std": 0.14658588880205717
    },
    "load_management_score": {
        "mean": 0.7439729191705604,
        "std": 0.16730738451653254
    },
    "technique_score": {
        "mean": 0.7428380613703119,
        "std": 0.16860668640554016
    },
    "recovery_knowledge": {
        "mean": 0.7448365022650247,
        "std": 0.1718500277210986
    },
    "calories": {
        "mean": 2500.0828455443975,
        "std": 576.9097881130658
    },
    "protein_g": {
        "mean": 92.63106693882207,
        "std": 66.28159018713393
    },
    "carbs_g": {
        "mean": 299.4140177258953,
        "std": 57.76338785144585
    },
    "fats_g": {
        "mean": 99.52471626190268,
        "std": 28.871465279508172
    },
    "fiber_g": {
        "mean": 32.001282227794306,
        "std": 7.206119858095833
    },
    "water_ml": {
        "mean": 2998.5730570841697,
        "std": 577.4502381093886
    },
    "sleep_hours": {
        "mean": 7.001283845128839,
        "std": 1.1549921797870228
    },
    "sleep_quality": {
        "mean": 5.49928726491911,
        "std": 2.872264380602281
    },
    "stress_level": {
        "mean": 5.4979633160469,
        "std": 2.871128594624213
    },
    "days_since_last_session": {
        "mean": 1.9774817435516598,
        "std": 1.3739085200119714
    },
    "creatine": {
        "mean": 0.40021083051368384,
        "std": 0.4899422775842606
    },
    "protein_powder": {
        "mean": 0.5005653206056232,
        "std": 0.5000010280883004
    },
    "pre_workout": {
        "mean": 0.29956568357900093,
        "std": 0.4580690916708057
    },
    "caffeine_mg": {
        "mean": 199.41294410349053,
        "std": 115.43827700060113
    },
    "soreness_level": {
        "mean": 5.4979299391845755,
        "std": 2.8715877222378627
    },
    "fatigue_level": {
        "mean": 5.500623730114691,
        "std": 2.8713762701939975
    },
    "readiness_score": {
        "mean": 5.498915947325749,
        "std": 2.872535878961907
    },
    "hrv": {
        "mean": 69.49864336961676,
        "std": 17.310581127799907
    },
    "resting_heart_rate": {
        "mean": 64.48473773435077,
        "std": 8.653136583285772
    },
    "session_rpe": {
        "mean": 5.508609144425855,
        "std": 2.8750700851605857
    },
    "recovery_quality": {
        "mean": 5.49649334340202,
        "std": 2.872159195286791
    }
}