{
    "weight_kg": {
        "mean": 28.278751510416313,
        "std": 21.534370218345924
    },
    "reps": {
        "mean": 9.47702656018208,
        "std": 2.1827815503111307
    },
    "rir": {
        "mean": 1.8269680897249025,
        "std": 1.24972412384209
    },
    "total_sets": {
        "mean": 3.1678185254360343,
        "std": 1.402263099143063
    },
    "total_volume": {
        "mean": 777.2265495837081,
        "std": 716.1576212450592
    },
    "age": {
        "mean": 35.975782331022224,
        "std": 10.567230272474287
    },
    "weight_kg_user": {
        "mean": 80.03160146997512,
        "std": 9.890183857437538
    },
    "height_cm": {
        "mean": 175.0,
        "std": 1e-06
    },
    "body_fat_pct": {
        "mean": 15.0,
        "std": 1e-06
    },
    "assessment_score": {
        "mean": 56.17874779003841,
        "std": 12.132015728000031
    },
    "training_literacy_index": {
        "mean": 0.5617874779003841,
        "std": 0.12132114728000033
    },
    "load_management_score": {
        "mean": 0.48238330386717876,
        "std": 0.16176119637333378
    },
    "technique_score": {
        "mean": 0.7999999999999999,
        "std": 1.0000000001110223e-06
    },
    "recovery_knowledge": {
        "mean": 0.599662663333943,
        "std": 0.20000090025050615
    },
    "calories": {
        "mean": 2499.610744786847,
        "std": 300.1165530394127
    },
    "protein_g": {
        "mean": 144.0186853190842,
        "std": 36.92390717060705
    },
    "carbs_g": {
        "mean": 250.0,
        "std": 1e-06
    },
    "fats_g": {
        "mean": 80.0,
        "std": 1e-06
    },
    "fiber_g": {
        "mean": 30.0,
        "std": 1e-06
    },
    "water_ml": {
        "mean": 3000.0,
        "std": 1e-06
    },
    "sleep_hours": {
        "mean": 6.997293973445844,
        "std": 1.5028499777174402
    },
    "sleep_quality": {
        "mean": 6.49259466579469,
        "std": 1.5193811197132385
    },
    "stress_level": {
        "mean": 5.0,
        "std": 1e-06
    },
    "days_since_last_session": {
        "mean": 2.0,
        "std": 1e-06
    },
    "creatine": {
        "mean": 1.0,
        "std": 1e-06
    },
    "protein_powder": {
        "mean": 1.0,
        "std": 1e-06
    },
    "pre_workout": {
        "mean": 1.0,
        "std": 1e-06
    },
    "caffeine_mg": {
        "mean": 200.0,
        "std": 1e-06
    },
    "soreness_level": {
        "mean": 6.697215402208391,
        "std": 3.298686359014349
    },
    "fatigue_level": {
        "mean": 9.315825449520505,
        "std": 1.7100292309393053
    },
    "readiness_score": {
        "mean": 1.4951533256111686,
        "std": 1.4179040369078102
    },
    "hrv": {
        "mean": 46.408698838718635,
        "std": 13.409007522829304
    },
    "resting_heart_rate": {
        "mean": 78.55528421844522,
        "std": 9.755444124538188
    },
    "session_rpe": {
        "mean": 8.173031910275098,
        "std": 1.24972412384209
    },
    "recovery_quality": {
        "mean": 6.49259466579469,
        "std": 1.5193811197132385
    }
}